[{
    "id": "1001",
    "productName": "Acer Aspire 3 Intel Core i3 11th Generation 15.6-inch (39.6 cms) Full HD Laptop",
    "category": "Laptop",
    "currencyCode": "INR",
    "price": "36,916",
    "shortDescription": "Acer Aspire 3 Intel Core i3 11th Generation 15.6-inch (39.6 cms) Full HD Laptop - (8 GB/256 GB SSD/Windows 11 Home/MS Office/Intel UHD Graphics /1.7 Kg/Silver) A315-58",
    "description": "Powerful and portable, the Aspire 3 laptop delivers on every aspect of everyday computing. Featuring the new 11th Gen InteI Core i3 processor, the Aspire 3 opens more possibilities than ever before—via performance, connectivity and entertainment.11th Generation Intel Core i3-1115G4 Dual Core Processor (3.0GHz up to 4.1GHz); 8GB DDR4 Memory, expandable to 12GB; 256GB SSD and supports up to 2 TB HDD to store your files and media",
    "features": {
        "brand": "Acer",
        "modelName": "A315-58",
        "screenSize": "15.6 Inches",
        "colour": "Silver",
        "hardDisk": "2 GB",
        "cpuModel": "Core i3",
        "ramMemory": "8 GB",
        "operatingSystem": "Windows 11 Home",
        "specialFeature": "Portable",
        "graphicsCard": "Integrated"
    },
    "imageUrl": "https://m.media-amazon.com/images/I/415CKBz9TfL._SS40_.jpg",
    "videoUrl": "https://www.amazon.in/vdp/194c2695a39a4270963ef55b07856b32?ref=dp_vse_ibvc0"
},
{
    "id": "1002",
    "productName": "Redmi Book Pro Intel Core i5 11th Gen H Series 15.6-inch(39.62 cms) Thin and Light Laptop",
    "category": "Laptop",
    "currencyCode": "INR",
    "price": "39,990",
    "shortDescription": "Redmi Book Pro Intel Core i5 11th Gen H Series 15.6-inch(39.62 cms) Thin and Light Laptop (8GB/512 GB SSD/Windows 10 Home) (Charcoal Gray, 1.8 kg, with MS Office)",
    "description": "Processor: 11th Gen Intel Tiger Lake Core i5-11300H processor| Speed: 3.1 GHz(base) - 4.4 GHz(max) | 4 cores | 8 Threads | 8 MB Cache | Intel UHD graphics ",
    "features": {
        "brand": "Redmi",
        "modelName": "RedmiBook 15 Pro",
        "screenSize": "39.62 Centimetres",
        "colour": "Charcoal Gray",
        "cpuModel": "Core i5",
        "ramMemory": "8 GB",
        "operatingSystem": "Windows 10 Home",
        "specialFeature": "Anti Glare Screen, Light Weight, Thin",
        "graphicsCard": "Integrated",
        "cpuSpeed": "3.1 GHz"
    },
    "imageUrl": "https://m.media-amazon.com/images/I/41HskYFMWYL._SS40_.jpg",
    "videoUrl": "https://www.amazon.in/vdp/180a30994dc6456dbf2b3f871d6900af?ref=dp_vse_ibvc0"
},
{
    "id": "1003",
    "productName": "HP 15s, 11th Gen Intel Core i3, 8GB RAM/512GB SSD 15.6-inch(39.6 cm) Micro-Edge Anti-Glare FHD Laptop",
    "category": "Laptop",
    "currencyCode": "INR",
    "price": "42,999",
    "shortDescription": "HP 15s, 11th Gen Intel Core i3, 8GB RAM/512GB SSD 15.6-inch(39.6 cm) Micro-Edge Anti-Glare FHD Laptop/Alexa Built-in/Win 11/Intel UHD Graphics/Dual Speakers/ MS Office 2021/1.69 Kg, 15s-fq2673TU",
    "description": "Processor: Intel Core i3-1115G4 (up to 4.1 GHz with Intel Turbo Boost Technology(2g),6 MB L3 cache, 2 cores)|Memory: 8 GB DDR4-3200 SDRAM (1 x 8 GB)| Storage: 512 GB PCIe NVMe M.2 SSD",
    "features": {
        "brand": "HP",
        "modelName": "15s-fq2673TU",
        "screenSize": "39.6 Centimetres",
        "colour": "Natural Silver",
        "cpuModel": "Core i3",
        "ramMemory": "8 GB",
        "operatingSystem": "Windows 11 Home",
        "specialFeature": "Micro-Edge Display",
        "graphicsCard": "Integrated"
    },
    "imageUrl": "https://m.media-amazon.com/images/I/517bXfKQ1AL._SS40_.jpg",
    "videoUrl": "https://www.amazon.in/vdp/1f7737c370e546d39ef8f90a0af686ed?ref=dp_vse_ibvc0"
},
{
    "id": "1004",
    "productName": "HP Pavilion x360 11th Gen Intel Core i3 14 inch(35.6 cm) FHD,IPS, Multitouch 2-in-1 Laptop",
    "category": "Laptop",
    "currencyCode": "INR",
    "price": "54,990",
    "shortDescription": "HP Pavilion x360 11th Gen Intel Core i3 14 inch(35.6 cm) FHD,IPS, Multitouch 2-in-1 Laptop(8GB RAM/512GB SSD/Backlit KB/Intel UHD Graphics/Pen/Alexa Built-in/MSO/1.52Kg) 14-dy0208TU, Spruce Blue",
    "description": "Processor: Intel Core i3-1125G4 (up to3.7 GHz with Intel Turbo Boost Technology(2g), 8 MB L3 cache, 4 cores) |Memory & Storage: 8 GB DDR4-3200 MHz RAM (1 x 8 GB) Upto 16 GB DDR4-3200 MHz RAM (2 x 8 GB)| Storage: 512GB PCIe NVMe TLC M.2 SSD ",
    "features": {
        "brand": "HP",
        "modelName": "14-dy0208TU",
        "screenSize": "14 Inches",
        "colour": "Spruce Blue",
        "cpuModel": "Core i3",
        "ramMemory": "8 GB",
        "operatingSystem": "Windows 11 Home",
        "specialFeature": "FHD, Multitouch, Micro-Edge Display",
        "graphicsCard": "Integrated",
        "cpuSpeed": "3.7 GHz"
    },
    "imageUrl": "https://m.media-amazon.com/images/I/71NG3N6mJ3L._SX679_.jpg",
    "videoUrl": "https://www.amazon.in/vdp/1f7737c370e546d39ef8f90a0af686ed?ref=dp_vse_ibvc0"
},
{
    "id": "1005",
    "productName": "(Renewed) HP Probook 440 G5 14 Anti-Glare HD Business Laptop",
    "category": "Laptop",
    "currencyCode": "INR",
    "price": "32,990",
    "shortDescription": "(Renewed) HP Probook 440 G5 14 Anti-Glare HD Business Laptop (Intel Quad-Core i5-8250U, 16GB DDR4 Memory, 512GB M.2 SSD, UHD 620) Fingerprint, Type C, HDMI, VGA, Ethernet, Windows 10 Pro",
    "description": "This Renewed product is tested to work and look like new with minimal to no signs of wear & tear; the product comes with relevant accessories and is backed by a minimum six month seller warranty; box may be generic",
    "features": {
        "brand": "HP",
        "modelName": "ProBook 440 Commercial Notebook PC",
        "screenSize": "14 Inches     ",
        "colour": "512 GB",
        "cpuModel": "Core i5 8250U",
        "ramMemory": "16GB",
        "operatingSystem": "Windows 10 Professoinal",
        "specialFeature": "Anti Glare Screen, Webcam",
        "graphicsCard": "Integrated"
    },
    "imageUrl": "https://m.media-amazon.com/images/I/41BpOT1ezpL._SS40_.jpg",
    "videoUrl": "https://www.amazon.in/vdp/1e1c49dde80f4439b91406f6999720e5?ref=dp_vse_ibvc2"
},
{
    "id": "1006",
    "productName": "ASUS VivoBook Flip 14 (2021), 14-inch (35.56 cm) FHD Touch, Intel Core i3-1115G4 11th Gen, 2-in-1 Laptop",
    "category": "Laptop",
    "currencyCode": "INR",
    "price": "48,990",
    "shortDescription": "ASUS VivoBook Flip 14 (2021), 14-inch (35.56 cm) FHD Touch, Intel Core i3-1115G4 11th Gen, 2-in-1 Laptop (8GB/512GB SSD/Office 2021/Windows 11/Integrated Graphics/Black/1.5 kg), TP470EA-EC312WS",
    "description": "Processor: 11th Gen Intel Core i3-1115G4, 3.0 GHz Base speed (6MB Cache, up to 4.1 GHz Max Turbo Speed, 2 cores)",
    "features": {
        "brand": "ASUS",
        "modelName": "VivoBook Flip 14 (2021)",
        "screenSize": "35.56 Centimetres",
        "colour": "Black",
        "cpuModel": "",
        "ramMemory": "8GB",
        "operatingSystem": "Windows 11 Home",
        "specialFeature": "Fingerprint Reader, 360-Degree Ergolift Hinge, FHD Display, TouchScreen, Backlit Keyboard",
        "graphicsCard": "Integrated",
        "cpuSpeed": "4.1 GHz"
    },
    "imageUrl": "https://m.media-amazon.com/images/I/41SZg53ADYL._SS40_.jpg",
    "videoUrl": "https://www.amazon.in/vdp/160a782edfbb44869f3184abe30f1c44?ref=dp_vse_ibvc0"
},
{
    "id": "1007",
    "productName": "ASUS VivoBook 15 (2021), 15.6-inch (39.62 cm) HD, Dual Core Intel Celeron N4020, Thin and Light Laptop",
    "category": "Laptop",
    "currencyCode": "INR",
    "price": "25,990",
    "shortDescription": "ASUS VivoBook 15 (2021), 15.6-inch (39.62 cm) HD, Dual Core Intel Celeron N4020, Thin and Light Laptop (4GB RAM/256GB SSD/Integrated Graphics/Windows 11 Home/Transparent Silver/1.8 Kg), X515MA-BR011W",
    "description": "Processor: Intel Celeron N4020, 1.1 GHz base speed, Up to 2.8 GHz Turbo Speed, 2 cores, 2 Threads, 4MB Cache",
    "features": {
        "brand": "ASUS",
        "modelName": "VivoBook 15 (2021)",
        "screenSize": "39.62 Centimetres",
        "colour": "Transparent Silver",
        "hardDisk": "256 GB",
        "cpuModel": "",
        "ramMemory": "8GB",
        "operatingSystem": "Windows 11 Home",
        "specialFeature": "FingerPrint Reader, Thin and Light Laptop, HD (1366 x 768) Display, Anti-glare Panel",
        "graphicsCard": "Integrated"
    },
    "imageUrl": "https://m.media-amazon.com/images/I/71S8U9VzLTL._SX679_.jpg",
    "videoUrl": "https://www.amazon.in/vdp/1db81ab6f3d641b4aa61e42746c0fbb4?ref=dp_vse_ibvc0"
},
{
    "id": "1008",
    "productName": "Lenovo IdeaPad Slim 1 Intel Celeron N4020 4th Gen 11.6'' (29.46cm) HD Thin & Light Laptop",
    "category": "Laptop",
    "currencyCode": "INR",
    "price": "19,990",
    "shortDescription": "Lenovo IdeaPad Slim 1 Intel Celeron N4020 4th Gen 11.6'' (29.46cm) HD Thin & Light Laptop (4GB/256GB SSD/Windows 11/Office 2021/3months Game Pass/Platinum Grey/1.2Kg), 81VT009UIN",
    "description": "Processor: Intel Celeron N4020 | Speed: 1.1 GHz (Base) - 2.8 GHz (Max) | 2 Cores | 4MB Cache OS and Software: Windows 11 Home 64 | Office Home and Student 2021 | Xbox GamePass Ultimate 3-month subscription*",
    "features": {
        "brand": "Lenovo",
        "modelName": "IdeaPad 1 11IGL05",
        "screenSize": "11.6 Inches",
        "colour": "PLATINUM_GREY",
        "cpuModel": "256 GB",
        "ramMemory": "Celeron N4020",
        "operatingSystem": "Windows 11 Home",
        "specialFeature": "Anti Glare Screen",
        "graphicsCard": "Integrated",
        "cpuSpeed": "2.8GHz"
    },
    "imageUrl": "https://m.media-amazon.com/images/I/61km1VkaCsL._SL1500_.jpg",
    "videoUrl": "https://www.amazon.in/vdp/1035472eefb94c21972f06dfc6916e61?ref=dp_vse_ibvc0"
},
{
    "id": "1009",
    "productName": "ASUS TUF Gaming A15 Laptop",
    "category": "Laptop",
    "currencyCode": "INR",
    "price": "98,890",
    "shortDescription": "ASUS TUF Gaming A15, 15.6(39.62 cm) FHD 144Hz, AMD Ryzen 9 5900HX, 6GB RTX 3060, Gaming Laptop (16GB/512GB SSD/Windows 11/Black/2.30 Kg), FA506QM-HN124W",
    "description": "With new games added all the time, there’s always something new to play. Age of Empires IV, Back 4 Blood, Battlefield V, Forza Horizon 5, Halo Infinite*, Knockout City, Microsoft Flight Simulator, Minecraft PC Bundle, Need for Speed Heat, Psychonauts2, The Sims 4, Titanfall 2, 12 Minutes",
    "features": {
        "brand": "ASUS",
        "modelName": "TUF Gaming A15",
        "screenSize": "39.62 Centimetres",
        "colour": "Graphite Black",
        "hardDisk": "512 GB",
        "cpuModel": "Ryzen 9",
        "ramMemory": "16 GB",
        "operatingSystem": "Windows 11 Home",
        "specialFeature": "1-Zone RGB Backlit Chiclet Keyboard, 144Hz Refresh Rate, FHD (1920 x 1080) 16:9, Anti Glare Coating",
        "graphicsCard": "Dedicated"
    },
    "imageUrl": "https://m.media-amazon.com/images/I/91zVSkGGZbS._SX679_.jpg",
    "videoUrl": "https://www.amazon.in/vdp/1900199070074332b3af4c3f85c03172?ref=dp_vse_ibvc0"
},
{
    "id": "1010",
    "productName": "Lenovo IdeaPad D330 Intel Celeron N4020 10.1(25cm)HD IPS Detachable 2-in-1 Laptop ",
    "category": "Laptop",
    "currencyCode": "INR",
    "price": "21,701",
    "shortDescription": "Lenovo IdeaPad D330 Intel Celeron N4020 10.1 (25cm)HD IPS Detachable 2-in-1 Laptop (4GB/128GB eMMC/Windows 10/1 Yr Warranty/Mineral Grey/1.1Kg), 82H0001YIN",
    "description": "Processor: Intel Celeron N4020 | Speed: 1.1 GHz (Base) - 2.8 GHz (Max) | 2 Cores | 4MB Cache OS: Pre-Loaded Windows 10 Home with Lifetime Validity",
    "features": {
        "brand": "Lenovo",
        "modelName": "IdeaPad D330-10IGL",
        "screenSize": "10.1 Inches",
        "colour": "Mineral GrEY  ",
        "cpuModel": "Celeron N4020",
        "ramMemory": "4 GB",
        "operatingSystem": "Windows 10 Home",
        "specialFeature": "Anti Glare Screen",
        "graphicsCarn": "Integrated",
        "cpuSpeed": "2.8GHz"
    },
    "imageUrl": "https://m.media-amazon.com/images/I/51gkDWHPvQL._SX679_.jpg",
    "videoUrl": "https://www.amazon.in/vdp/1c8ecb09b7bf48cbab92d98f27f8fcdc?ref=dp_vse_ibvc0"
},
{
    "id": "1011",
    "productName": "Acer Aspire 5 Gaming Laptop",
    "category": "Laptop",
    "currencyCode": "INR",
    "price": "63,990",
    "shortDescription": "Acer Aspire 5 Gaming Intel Core i5 12th gen (12-Cores) (16 GB/512 GB SSD/Windows 11 Home/4 GB Graphics/NVIDIA GeForce RTX 2050) A515-57G/ Gaming Laptop (15.6 inch, Steel Gray 1.8 Kg ",
    "description": "High Performance : Encounter high speed processing with the latest 12th Gen Intel Core i5-1240P Processor that ensure smooth gaming experience",
    "features": {
        "brand": "Acer",
        "modelName": "Aspire 5 Gaming",
        "screenSize": "15.6 Inches",
        "colour": "Gray",
        "hardDisk": "16 GB",
        "cpuModel": "",
        "ramMemory": "16 GB",
        "operatingSystem": "Windows 11 Home",
        "specialFeature": "Aluminum Top Cover, Wi-Fi 6, Elevated Design, Thunderbolt 4",
        "graphicsCard": "Dedicated"
    },
    "imageUrl": "https://m.media-amazon.com/images/I/61gGtqfZFlL._SL1200_.jpg",
    "videoUrl": "https://www.amazon.in/vdp/1cb84a362f9245d4bb3506a392b79d8b?ref=dp_vse_ibvc0"
},
{
    "id": "1012",
    "productName": "HP 14s, 5th Gen AMD Ryzen 3 Laptop",
    "category": "Laptop",
    "currencyCode": "INR",
    "price": "38,900",
    "shortDescription": "HP 14s, 5th Gen AMD Ryzen 3- 8GB RAM/512GB SSD 14 inches(35cm) Laptop, FHD IPS Micro-Edge Display/ Backlit Keyboard/Alexa/Windows 11/Fast Charge/Radeon Graphics/1.46Kg/Natural Silver) -14s-fq1089AU",
    "description": "Processor: AMD Ryzen 3 5300U (up to 3.8 GHz max boost clock, 4 MB L3 cache, 4 cores, 8 threads)| Memory: 8 GB DDR4-3200 MHz RAM (onboard)| Storage: 512GB SSD 2280 PCIe-3x4 NVMe TLC ",
    "features": {
        "brand": "HP",
        "modelName": "HP 14s",
        "screenSize": "14 Inches",
        "colour": "Natural Silver",
        "cpuModel": "Ryzen 3",
        "ramMemory": "8 GB",
        "operatingSystem": "Windows 11 Home",
        "specialFeature": "Micro-edge",
        "graphicsCard": "Integrated",
        "cpuSpeed": "3.8 GHz"
    },
    "imageUrl": "https://m.media-amazon.com/images/I/41clASR1TEL._SS40_.jpg",
    "videoUrl": "https://www.amazon.in/vdp/1f7ca213adf343c9b182555f9cdb94d8?ref=dp_vse_ibvc0"
},
{
    "id": "1013",
    "productName": "Honor MagicBook X 14, Intel Core i3-10110U",
    "category": "Laptop",
    "currencyCode": "INR",
    "price": "34,990",
    "shortDescription": "Honor MagicBook X 14, Intel Core i3-10110U 14 inch (35.56 cm) FHD IPS Anti-Glare Thin and Light Laptop (8GB/256GB PCIe SSD/Windows 11/Fingerprint Power Button/1.38Kg), Gray, (NobelBR-WAI9B)",
    "description": "【 Stylish Appearance】 Honor Magicbook X14 has Premium Aluminium Metal Body with 15.9MM Thickness, 4.8 MM Narrow Bezels and the weight of the laptop is only 1.38kg, which allows you to carry it easily, making it very convenient for travel and work.",
    "features": {
        "brand": "Honor",
        "modelName": "NBR-WAI9",
        "screenSize": "14 Inches",
        "colour": "Gray",
        "hardDisk": "256 GB",
        "cpuModel": "Core i3-10110U",
        "ramMemory": "8 GB",
        "operatingSystem": "Windows 11 Home",
        "specialFeature": "Anti Glare Screen, Think & Light Weight, 【 Backlit Keyboard 】 Honor Magicbook X14 comes with Backlit…",
        "graphicsCard ": "Integrated"
    },
    "imageUrl": "https://m.media-amazon.com/images/I/31n0igKvWHL._SS40_.jpg",
    "videoUrl": "https://www.amazon.in/vdp/1fefc9ee0b134703b20e866e253ae2c1?ref=dp_vse_ibvc0"
},
{
    "id": "1014",
    "productName": "Samsung Galaxy Book2 360 Laptop",
    "category": "Laptop",
    "currencyCode": "INR",
    "price": "91,490",
    "shortDescription": "Samsung Galaxy Book2 360 Intel 12th Gen i5 EvoTM 33.78cm (13.3) AMOLED 2 in 1 touch screen Laptop (16 GB/512 GB SSD/Windows 11/MS Office/Backlit KB/Fingerprint Sensor/Graphite/1.16Kg), NP730QED-KA2IN",
    "description": "Operating System: Windows 11 Home | Preinstalled Software: MS Office Home & Student 2021, Live Message, Live Wallpaper, McAfee Live Safe (Trial), Screen Recorder, Samsung Gallery, Quick Search, Samsung Flow, Samsung Notes, Samsung Recovery, Samsung Settings, Studio Plus, Samsung Update, Samsung Security, Quick Share, Galaxy Book Smart Switch ",
    "features": {
        "brand": "Samsung",
        "modelName": "Galaxy Book2 360",
        "screenSize": "13.3 Inches",
        "colour": "Graphite",
        "cpuModel": "Core i5",
        "ramMemory ": "16 GB",
        "operatingSystem": "Windows 11 Home",
        "specialFeature": "MS office home & student 2021",
        "graphicsCard ": "Integrated",
        "cpuSpeed": "4.4GHz"
    },
    "imageUrl": "https://m.media-amazon.com/images/I/41ubKDEvQYL._SS40_.jpg",
    "videoUrl": "https://www.amazon.in/vdp/1edfef29bc3444a99b4e1dd224358089?ref=dp_vse_ibvc0"
},
{
    "id": "1014",
    "productName": "Acer Aspire 5 Gaming Laptop",
    "category": "Laptop",
    "currencyCode": "INR",
    "price": "63,990",
    "shortDescription": "Acer Aspire 5 Gaming Intel Core i5 12th gen (12-Cores) (16 GB/512 GB SSD/Windows 11 Home/4 GB Graphics/NVIDIA GeForce RTX 2050) A515-57G/ Gaming Laptop (15.6 inch, Steel Gray 1.8 Kg",
    "description": "High Performance : Encounter high speed processing with the latest 12th Gen Intel Core i5-1240P Processor that ensure smooth gaming experience",
    "features": {
        "brand": "Acer",
        "modelName": "Aspire 5 Gaming",
        "screenSize": "15.6 Inches",
        "colour": "Gray",
        "ramMemory ": "16 GB",
        "operatingSystem": "Windows 11 Home",
        "specialFeature": "Aluminum Top Cover, Wi-Fi 6, Elevated Design, Thunderbolt 4",
        "graphicsCard ": "Dedicated"
    },
    "imageUrl": "https://m.media-amazon.com/images/I/41dgHDQs4RL._SS40_.jpg",
    "videoUrl": "https://www.amazon.in/vdp/1cb84a362f9245d4bb3506a392b79d8b?ref=dp_vse_ibvc0"
},
{
    "id": "1015",
    "productName": "Dell Windows Inspiron 3515 Laptop",
    "category": "Laptop",
    "currencyCode": "INR",
    "price": "39,990",
    "shortDescription": "Dell Windows Inspiron 3515 Laptop, AMD Ryzen 5-3450U, Win 11 + MSO'21, 8GB GDDR4, 512Gb SSD, Vega Graphics, 15.6(39.62Cms) FHD Anti-Glare, Carbon Black - D560790WIN9BE, 1.8Kgs",
    "description": "Processor: AMD Ryzen 5-3450U (2.10 GHz up to 3.50 GHz) RAM & Storage: 8GB DDR4 (2 DIMM Slots) & 512GB SSD Ports: 2x USB 3.2 Gen1 ,1x USB 2.0, HDMI 1.4b, SD Card reader, Audio jack ",
    "features": {
        "brand": "Dell",
        "modelName": "Inspiron 3515",
        "screenSize": "15.6 Inches",
        "colour": "Carbon Black",
        "cpuModel": "Ryzen 5",
        "ramMemory ": "8 GB",
        "operatingSystem": "Windows 11",
        "specialFeature": "Anti Glare Screen",
        "graphicsCard ": "Integrated",
        "cpuSpeed": "3.5GHz"
    },
    "imageUrl": "https://m.media-amazon.com/images/I/31LwKv6t10L._SS40_.jpg",
    "videoUrl": "https://www.amazon.in/vdp/1c71e1a8f8d6424882ae1389ccb0c103?ref=dp_vse_ibvc0"
},
{
    "id": "1016",
    "productName": "HP 15s- 11th Gen Intel Core i5",
    "category": "Laptop",
    "currencyCode": "INR",
    "price": "51,890",
    "shortDescription": "HP 15s- 11th Gen Intel Core i5 -8GB RAM/512GB SSD/32Gb Intel Optane Memory 15.6inch(39.6cm) FHD, Micro-Edge Display (Intel Iris Xe Graphics/Alexa/Dual Speakers/Win 11 Home/Ms Office), 15s- Fq4022TU",
    "description": "Processor: Intel Core i5-1155G7 (up to 4.5 GHz with Intel Turbo Boost Technology(2g),8 MB L3 cache, 4 cores,8 threads)| Memory: 8 GB DDR4-3200 MHz RAM (2 x 4 GB), Upto 16 GB DDR4-3200 MHz RAM (2 x 8 GB)| Storage: 512 GB PCIe NVMe M.2 SSD 32 GB Intel Optane memory",
    "features": {
        "brand": "HP",
        "modelName": "15s- fq4022TU",
        "screenSize": "15.6 Inches",
        "colour": "Jet Black",
        "hardDisk ": "32 GB",
        "cpuModel": "",
        "ramMemory ": "8 GB",
        "operatingSystem": "Windows 11 Home",
        "specialFeature": "Micro- Edge, FHD",
        "graphicsCard": "Integrated"
    },
    "imageUrl": "https://m.media-amazon.com/images/I/51oXa1Uz4jL._SS40_.jpg",
    "videoUrl": "https://www.amazon.in/vdp/18fd803dc5c241118d615b8843c97e9f?ref=dp_vse_ibvc0"
},
{
    "id": "1017",
    "productName": "(Renewed) HP ChromeBook",
    "category": "Laptop",
    "currencyCode": "INR",
    "price": "13,999",
    "shortDescription": "(Renewed) HP ChromeBook AMD A4 11.6 inches HD Laptop (4 GB DDR4 RAM/16 GB eMMC SSD + 32GB microSD card/Wifi/Webcam/Chrome OS/Bluetooth 4.2/AMD R4 Graphics/Thin & Light), 1.3kg",
    "description": "HP ChromeBook gives fast performance at an affordable price.Thin & Light Laptop ideal for professionals or students. It's powered with AMD A4 9120C 1.2 GHz, up to 2.4 GHz with max boost, 4 GB DDR4 RAM along with 16 GB eMMC SSD and 32GB microSD card for extra storage which enhances the overall performance of the machine. Experience hassle free ownership with 6 months HP Warranty provided PAN India. ",
    "features": {
        "brand": "HP",
        "modelName": "HP ChromeBook",
        "screenSize": "11.6 Inches",
        "colour": "Gray",
        "cpuModel": "AMD A4",
        "ramMemory ": "4 GB",
        "operatingSystem": "Chrome OS",
        "specialFeature": "Anti Glare Screen, Webcam, Light Weight, Thin",
        "graphicsCard ": "Integrated",
        "cpuSpeed": "2.4GHz"
    },
    "imageUrl": "https://m.media-amazon.com/images/I/31ixN5GOjNL._SS40_.jpg",
    "videoUrl": "https://www.amazon.in/vdp/102d2828b6ab489c83f26cd24a635a22?ref=dp_vse_ibvc0"
},
{
	"id": 1004,
	"productName": "SanDisk Pendrive",
	"category": "Pendrive",
	"currencyCode": "INR",
	"price": "29,000",
	"shortDescription": "SanDisk Ultra Dual Drive Luxe USB 3.0, USB 2.0 Type-C 256GB, Metal Pendrive for Mobile  ",
	"description": " The all-metal, 2-in-1 flash drive with a reversible USB Type-C and a traditional Type-A connector, For Mobile, Desktop Computer, Laptop ",
	"features": {
		"colour": "Metal",
		"memoryStorage": "256 GB",
		"brand": "SanDisk",
		"hardwareInterface": "USB 3.0, USB 2.0",
		"flashMemory_Type": "Memory Stick Duo"
	},
	"imageUrl": "https://m.media-amazon.com/images/I/41IZ3JvOvwL._SS40_.jpg",
	"videoUrl": "https://www.amazon.in/vdp/1199d6a0a356431ebd76e725027a45ad?ref=dp_vse_ibvc0"
}]


